Fecha,Region,Categoria,Ventas,Unidades,Ganancia
2023-01-01,Norte,Electronica,10315.27,78,2782.36
2023-01-01,Norte,Ropa,4700.45,51,851.72
2023-01-01,Norte,Hogar,7421.29,91,2552.79
2023-01-01,Norte,Deportes,4014.41,29,772.64
2023-01-01,Sur,Electronica,6699.51,66,1708.05
2023-01-01,Sur,Ropa,3348.51,30,697.31
2023-01-01,Sur,Hogar,3816.34,37,852.08
2023-01-01,Sur,Deportes,2827.27,25,868.07
2023-01-01,Centro,Electronica,11313.45,93,1802.12
2023-01-01,Centro,Ropa,4403.21,35,810.65
2023-01-01,Centro,Hogar,6369.33,49,1516.09
2023-01-01,Centro,Deportes,4016.23,45,1000.18
2023-01-01,Occidente,Electronica,8987.05,88,2282.83
2023-01-01,Occidente,Ropa,3267.49,27,610.93
2023-01-01,Occidente,Hogar,5553.85,64,1050.77
2023-01-01,Occidente,Deportes,3077.12,36,661.78
2023-02-01,Norte,Electronica,7470.93,54,1653.7
2023-02-01,Norte,Ropa,4281.71,42,1106.99
2023-02-01,Norte,Hogar,6291.68,73,2185.59
2023-02-01,Norte,Deportes,3392.06,25,643.62
2023-02-01,Sur,Electronica,8313.48,62,1370.14
2023-02-01,Sur,Ropa,4102.89,39,710.51
2023-02-01,Sur,Hogar,4723.6,45,768.58
2023-02-01,Sur,Deportes,3095.1,30,665.56
2023-02-01,Centro,Electronica,12565.04,88,3071.44
2023-02-01,Centro,Ropa,6739.24,76,1972.23
2023-02-01,Centro,Hogar,7379.47,55,1835.71
2023-02-01,Centro,Deportes,5168.96,44,1217.33
2023-02-01,Occidente,Electronica,8104.46,79,2040.01
2023-02-01,Occidente,Ropa,3820.6,26,763.58
2023-02-01,Occidente,Hogar,6108.42,63,1010.31
2023-02-01,Occidente,Deportes,2766.78,27,504.23
2023-03-01,Norte,Electronica,10918.18,80,2045.13
2023-03-01,Norte,Ropa,5036.7,35,1298.81
2023-03-01,Norte,Hogar,5368.15,55,1263.78
2023-03-01,Norte,Deportes,3423.06,24,1102.73
2023-03-01,Sur,Electronica,7205.52,65,1400.91
2023-03-01,Sur,Ropa,3473.32,39,755.53
2023-03-01,Sur,Hogar,4391.13,37,1276.08
2023-03-01,Sur,Deportes,2863.64,27,986.11
2023-03-01,Centro,Electronica,7976.46,79,1255.31
2023-03-01,Centro,Ropa,5577.73,45,1397.42
2023-03-01,Centro,Hogar,6798.02,75,1685.16
2023-03-01,Centro,Deportes,4389.97,29,871.02
2023-03-01,Occidente,Electronica,9371.39,96,2770.59
2023-03-01,Occidente,Ropa,4451.16,42,1230.57
2023-03-01,Occidente,Hogar,5440.14,63,1724.85
2023-03-01,Occidente,Deportes,3985.71,38,746.54
2023-04-01,Norte,Electronica,9743.5,76,1493.85
2023-04-01,Norte,Ropa,4437.5,38,866.64
2023-04-01,Norte,Hogar,5043.93,39,1146.72
2023-04-01,Norte,Deportes,3855.74,26,684.41
2023-04-01,Sur,Electronica,6354.09,43,2068.05
2023-04-01,Sur,Ropa,3426.09,34,966.15
2023-04-01,Sur,Hogar,4653.54,39,923.12
2023-04-01,Sur,Deportes,3229.39,37,1063.9
2023-04-01,Centro,Electronica,11636.6,112,2558.21
2023-04-01,Centro,Ropa,6256.73,47,2061.1
2023-04-01,Centro,Hogar,7263.02,58,1211.68
2023-04-01,Centro,Deportes,4418.26,48,1456.75
2023-04-01,Occidente,Electronica,8351.69,103,1521.36
2023-04-01,Occidente,Ropa,3571.39,30,1029.91
2023-04-01,Occidente,Hogar,4106.52,31,810.83
2023-04-01,Occidente,Deportes,3295.45,32,986.32
2023-05-01,Norte,Electronica,10987.26,87,2896.92
2023-05-01,Norte,Ropa,5097.2,58,1139.44
2023-05-01,Norte,Hogar,5199.44,35,1188.69
2023-05-01,Norte,Deportes,3159.46,22,872.73
2023-05-01,Sur,Electronica,7214.04,59,1792.71
2023-05-01,Sur,Ropa,4384.91,46,1291.31
2023-05-01,Sur,Hogar,3777.15,25,1287.2
2023-05-01,Sur,Deportes,2895.4,20,648.66
2023-05-01,Centro,Electronica,11995.04,81,3845.63
2023-05-01,Centro,Ropa,5538.82,55,1257.42
2023-05-01,Centro,Hogar,6531.16,71,1706.99
2023-05-01,Centro,Deportes,4739.53,32,1370.7
2023-05-01,Occidente,Electronica,6939.37,56,2414.98
2023-05-01,Occidente,Ropa,4092.24,45,1038.06
2023-05-01,Occidente,Hogar,5268.34,40,1530.44
2023-05-01,Occidente,Deportes,3252.35,30,678.83
2023-06-01,Norte,Electronica,10341.65,73,3440.13
2023-06-01,Norte,Ropa,5169.93,44,1294.05
2023-06-01,Norte,Hogar,6513.8,50,2013.8
2023-06-01,Norte,Deportes,4213.21,29,916.79
2023-06-01,Sur,Electronica,6365.35,52,1000.56
2023-06-01,Sur,Ropa,3472.12,30,897.64
2023-06-01,Sur,Hogar,4963.23,60,781.56
2023-06-01,Sur,Deportes,2046.85,14,454.48
2023-06-01,Centro,Electronica,11307.99,84,2184.3
2023-06-01,Centro,Ropa,4694.69,37,784.34
2023-06-01,Centro,Hogar,7047.85,59,1955.68
2023-06-01,Centro,Deportes,3789.49,28,1308.02
2023-06-01,Occidente,Electronica,5569.83,41,1137.17
2023-06-01,Occidente,Ropa,4111.87,37,681.3
2023-06-01,Occidente,Hogar,5378.74,49,993.23
2023-06-01,Occidente,Deportes,3389.59,37,678.08
2023-07-01,Norte,Electronica,12142.25,96,2501.14
2023-07-01,Norte,Ropa,5091.59,34,1515.15
2023-07-01,Norte,Hogar,7909.94,72,1578.4
2023-07-01,Norte,Deportes,4157.53,39,1253.78
2023-07-01,Sur,Electronica,7679.32,67,1302.16
2023-07-01,Sur,Ropa,4018.3,35,983.26
2023-07-01,Sur,Hogar,4329.52,40,1182.7
2023-07-01,Sur,Deportes,2194.65,17,349.08
2023-07-01,Centro,Electronica,13621.34,118,4376.51
2023-07-01,Centro,Ropa,4393.88,34,802.26
2023-07-01,Centro,Hogar,7209.01,88,1925.92
2023-07-01,Centro,Deportes,3821.86,26,1013.16
2023-07-01,Occidente,Electronica,9903.22,88,2566.16
2023-07-01,Occidente,Ropa,3257.31,22,740.13
2023-07-01,Occidente,Hogar,5210.74,61,1114.03
2023-07-01,Occidente,Deportes,2719.79,19,420.63
2023-08-01,Norte,Electronica,8751.31,99,2532.17
2023-08-01,Norte,Ropa,5411.71,43,1761.48
2023-08-01,Norte,Hogar,6731.58,67,1248.63
2023-08-01,Norte,Deportes,3940,29,1226.79
2023-08-01,Sur,Electronica,7177.43,67,2191.14
2023-08-01,Sur,Ropa,3663.36,35,1231.44
2023-08-01,Sur,Hogar,4353.07,32,1309.88
2023-08-01,Sur,Deportes,3145,36,1039.46
2023-08-01,Centro,Electronica,13393.2,130,4407.76
2023-08-01,Centro,Ropa,5617.64,52,854.82
2023-08-01,Centro,Hogar,7340.37,50,1942.9
2023-08-01,Centro,Deportes,4118.01,33,987.04
2023-08-01,Occidente,Electronica,6792.78,53,2041.06
2023-08-01,Occidente,Ropa,3271.49,24,1007.37
2023-08-01,Occidente,Hogar,4990.81,59,1297.14
2023-08-01,Occidente,Deportes,2596.24,23,850.37
2023-09-01,Norte,Electronica,8411.28,93,2542.75
2023-09-01,Norte,Ropa,4568.6,37,777.69
2023-09-01,Norte,Hogar,6220.47,73,1955.54
2023-09-01,Norte,Deportes,3326.25,25,553.05
2023-09-01,Sur,Electronica,5636.07,41,1913.16
2023-09-01,Sur,Ropa,2839.97,19,853.91
2023-09-01,Sur,Hogar,4015.05,29,1050.66
2023-09-01,Sur,Deportes,2613.55,23,865.79
2023-09-01,Centro,Electronica,11168.05,138,2722.01
2023-09-01,Centro,Ropa,4757.88,56,826.75
2023-09-01,Centro,Hogar,7338.85,55,1957.08
2023-09-01,Centro,Deportes,3678.84,24,827.64
2023-09-01,Occidente,Electronica,8828.17,92,3024.92
2023-09-01,Occidente,Ropa,3759.27,46,1293.1
2023-09-01,Occidente,Hogar,5168.07,60,1347.68
2023-09-01,Occidente,Deportes,3005.67,20,765.3
2023-10-01,Norte,Electronica,11689.65,104,3220.63
2023-10-01,Norte,Ropa,5490.67,45,1813.19
2023-10-01,Norte,Hogar,7970.82,80,1495.52
2023-10-01,Norte,Deportes,3163.52,28,698.1
2023-10-01,Sur,Electronica,6380.14,43,2215.45
2023-10-01,Sur,Ropa,3681.21,28,946.88
2023-10-01,Sur,Hogar,5141.54,40,938.45
2023-10-01,Sur,Deportes,2466.35,17,775.69
2023-10-01,Centro,Electronica,8982.01,61,2903.1
2023-10-01,Centro,Ropa,7138.43,85,1108.41
2023-10-01,Centro,Hogar,8238.41,55,1483.6
2023-10-01,Centro,Deportes,3904.42,32,883.09
2023-10-01,Occidente,Electronica,7862.55,72,1609.32
2023-10-01,Occidente,Ropa,4742.69,56,1531.63
2023-10-01,Occidente,Hogar,5003.93,37,1696.1
2023-10-01,Occidente,Deportes,3021.14,21,602.63
2023-11-01,Norte,Electronica,8062.63,54,2186.87
2023-11-01,Norte,Ropa,4697.49,48,1335.68
2023-11-01,Norte,Hogar,4619.3,52,1313.33
2023-11-01,Norte,Deportes,4289.95,36,1306.13
2023-11-01,Sur,Electronica,8473.64,71,2221.68
2023-11-01,Sur,Ropa,3636.46,25,838.92
2023-11-01,Sur,Hogar,4935.63,38,950.57
2023-11-01,Sur,Deportes,3254.3,36,497.61
2023-11-01,Centro,Electronica,12978.15,120,3082.25
2023-11-01,Centro,Ropa,4122.66,28,905.55
2023-11-01,Centro,Hogar,8577.47,79,2353.81
2023-11-01,Centro,Deportes,4246.68,30,1443.46
2023-11-01,Occidente,Electronica,5955.94,53,2060.79
2023-11-01,Occidente,Ropa,3966.67,34,855.81
2023-11-01,Occidente,Hogar,4021.65,47,706.91
2023-11-01,Occidente,Deportes,3301.35,37,595.5
2023-12-01,Norte,Electronica,10127.9,109,2219.36
2023-12-01,Norte,Ropa,4123.29,28,1009.35
2023-12-01,Norte,Hogar,5112.85,54,808.72
2023-12-01,Norte,Deportes,3872.19,42,796.58
2023-12-01,Sur,Electronica,7084.41,75,1578.79
2023-12-01,Sur,Ropa,3040.97,26,876.04
2023-12-01,Sur,Hogar,4027.69,28,1345.95
2023-12-01,Sur,Deportes,2786.66,33,572.31
2023-12-01,Centro,Electronica,12231.8,131,2346.91
2023-12-01,Centro,Ropa,6236.31,58,1539.77
2023-12-01,Centro,Hogar,5409.05,48,1619.98
2023-12-01,Centro,Deportes,5061.13,61,1014.69
2023-12-01,Occidente,Electronica,8691.87,75,2228.79
2023-12-01,Occidente,Ropa,4186.75,47,1002.65
2023-12-01,Occidente,Hogar,3795.17,38,855.65
2023-12-01,Occidente,Deportes,3091.56,37,662.88
2024-01-01,Norte,Electronica,8668.94,98,2844.33
2024-01-01,Norte,Ropa,4021.29,33,1149.37
2024-01-01,Norte,Hogar,5992.82,69,1542.68
2024-01-01,Norte,Deportes,4399.17,36,1315.74
2024-01-01,Sur,Electronica,6079.77,60,1353.46
2024-01-01,Sur,Ropa,3497.22,27,923.81
2024-01-01,Sur,Hogar,3555.97,40,642.11
2024-01-01,Sur,Deportes,2928,30,533.3
2024-01-01,Centro,Electronica,10204.78,110,3360.98
2024-01-01,Centro,Ropa,4874.25,56,1242.46
2024-01-01,Centro,Hogar,7283.98,82,1672.19
2024-01-01,Centro,Deportes,4168.35,28,1346.8
2024-01-01,Occidente,Electronica,7307.87,79,2073.45
2024-01-01,Occidente,Ropa,4453.23,30,1163.86
2024-01-01,Occidente,Hogar,3747.95,27,702.4
2024-01-01,Occidente,Deportes,3244.51,31,762.74
2024-02-01,Norte,Electronica,7256.34,82,1974.62
2024-02-01,Norte,Ropa,4834.62,48,1287.21
2024-02-01,Norte,Hogar,5940.53,50,952.65
2024-02-01,Norte,Deportes,2946.05,28,521.11
2024-02-01,Sur,Electronica,8286.8,84,2372.52
2024-02-01,Sur,Ropa,3288.48,24,885.02
2024-02-01,Sur,Hogar,2831.64,27,951.16
2024-02-01,Sur,Deportes,2377.26,17,815.41
2024-02-01,Centro,Electronica,11823.53,81,2202.09
2024-02-01,Centro,Ropa,5092.65,60,1518.75
2024-02-01,Centro,Hogar,8226.17,91,2542.33
2024-02-01,Centro,Deportes,4360.29,46,796.76
2024-02-01,Occidente,Electronica,8473.34,66,2157.42
2024-02-01,Occidente,Ropa,3747.41,35,1219.56
2024-02-01,Occidente,Hogar,5900.91,53,1330
2024-02-01,Occidente,Deportes,2816.37,25,592.21
2024-03-01,Norte,Electronica,9626.52,100,3175.93
2024-03-01,Norte,Ropa,6007.03,56,1554.08
2024-03-01,Norte,Hogar,6212.05,70,2099.46
2024-03-01,Norte,Deportes,4016.27,32,871.45
2024-03-01,Sur,Electronica,7565.58,61,1942.03
2024-03-01,Sur,Ropa,3375.74,23,1038.78
2024-03-01,Sur,Hogar,4189.93,43,1251.91
2024-03-01,Sur,Deportes,2355.81,28,621.88
2024-03-01,Centro,Electronica,12004.69,115,3772.49
2024-03-01,Centro,Ropa,5880.28,67,1877.52
2024-03-01,Centro,Hogar,6716.63,49,1208.88
2024-03-01,Centro,Deportes,3583.38,37,1055.13
2024-03-01,Occidente,Electronica,9043.53,70,2338.16
2024-03-01,Occidente,Ropa,4813.38,49,1054.8
2024-03-01,Occidente,Hogar,3665.96,32,1244.43
2024-03-01,Occidente,Deportes,3673.22,40,981.65
2024-04-01,Norte,Electronica,13121.88,161,4257.06
2024-04-01,Norte,Ropa,4893.04,33,1287
2024-04-01,Norte,Hogar,6432.91,49,1161.19
2024-04-01,Norte,Deportes,3720.9,30,1009.64
2024-04-01,Sur,Electronica,8920.64,61,2989.43
2024-04-01,Sur,Ropa,3323.94,29,573.87
2024-04-01,Sur,Hogar,4537.61,37,1042.75
2024-04-01,Sur,Deportes,3143.15,37,682.19
2024-04-01,Centro,Electronica,9499.66,80,3172.61
2024-04-01,Centro,Ropa,4209.92,40,923.62
2024-04-01,Centro,Hogar,6647.43,69,1598.63
2024-04-01,Centro,Deportes,5251.48,58,972.98
2024-04-01,Occidente,Electronica,4763.74,33,1059.83
2024-04-01,Occidente,Ropa,3967.42,32,1096.8
2024-04-01,Occidente,Hogar,4798.33,55,1676.42
2024-04-01,Occidente,Deportes,2502.06,21,673.25
2024-05-01,Norte,Electronica,9620.06,101,3170.88
2024-05-01,Norte,Ropa,4782.63,50,899.79
2024-05-01,Norte,Hogar,5970.52,49,974.04
2024-05-01,Norte,Deportes,3306.55,24,795.75
2024-05-01,Sur,Electronica,4336.95,40,1135.97
2024-05-01,Sur,Ropa,4189.41,46,780.85
2024-05-01,Sur,Hogar,3549.93,28,822.69
2024-05-01,Sur,Deportes,2384.98,29,432.23
2024-05-01,Centro,Electronica,12771.94,155,2482.79
2024-05-01,Centro,Ropa,6668.11,69,1896.27
2024-05-01,Centro,Hogar,6449.25,51,1274.61
2024-05-01,Centro,Deportes,4508.31,51,895.51
2024-05-01,Occidente,Electronica,8853.15,64,2031.24
2024-05-01,Occidente,Ropa,4266.56,33,814.9
2024-05-01,Occidente,Hogar,5444.83,67,909.84
2024-05-01,Occidente,Deportes,2860.7,30,444.29
2024-06-01,Norte,Electronica,10069.63,91,3308.22
2024-06-01,Norte,Ropa,3899.2,28,851.44
2024-06-01,Norte,Hogar,5366.09,44,1092.6
2024-06-01,Norte,Deportes,2839.43,22,658.41
2024-06-01,Sur,Electronica,4951.52,49,1681.99
2024-06-01,Sur,Ropa,4516.09,33,803.97
2024-06-01,Sur,Hogar,4474.6,31,1387
2024-06-01,Sur,Deportes,3146.84,28,486.17
2024-06-01,Centro,Electronica,11717.11,94,2361.91
2024-06-01,Centro,Ropa,4163.46,46,1319.76
2024-06-01,Centro,Hogar,7019.36,76,1435.19
2024-06-01,Centro,Deportes,4418.98,54,1470.9
2024-06-01,Occidente,Electronica,8235.01,83,2147.98
2024-06-01,Occidente,Ropa,3412.98,27,1078.33
2024-06-01,Occidente,Hogar,5192.02,42,1469.38
2024-06-01,Occidente,Deportes,3442.21,37,1145.85
2024-07-01,Norte,Electronica,6949.14,59,1107.65
2024-07-01,Norte,Ropa,3878.7,42,1154.33
2024-07-01,Norte,Hogar,6168.09,63,1405.46
2024-07-01,Norte,Deportes,3192.09,31,705.88
2024-07-01,Sur,Electronica,6146.06,51,1507.08
2024-07-01,Sur,Ropa,4168.97,32,1406.47
2024-07-01,Sur,Hogar,3920.61,47,793.74
2024-07-01,Sur,Deportes,2983.63,24,478.23
2024-07-01,Centro,Electronica,15500.94,149,4715.11
2024-07-01,Centro,Ropa,5519.31,63,910.84
2024-07-01,Centro,Hogar,6963.26,54,1650.05
2024-07-01,Centro,Deportes,5315.6,54,1668.14
2024-07-01,Occidente,Electronica,8758.89,88,2347.79
2024-07-01,Occidente,Ropa,4583.53,43,771.48
2024-07-01,Occidente,Hogar,4944.17,53,1277.48
2024-07-01,Occidente,Deportes,3279.3,23,972.13
2024-08-01,Norte,Electronica,10406.1,81,3328.28
2024-08-01,Norte,Ropa,5578.16,57,1382.74
2024-08-01,Norte,Hogar,6386.66,68,1683.45
2024-08-01,Norte,Deportes,3712.15,25,582.03
2024-08-01,Sur,Electronica,6032.46,41,2076.44
2024-08-01,Sur,Ropa,4168.7,28,1020.68
2024-08-01,Sur,Hogar,4519.11,44,1427.06
2024-08-01,Sur,Deportes,2712.05,32,730.23
2024-08-01,Centro,Electronica,10470.05,122,3028.54
2024-08-01,Centro,Ropa,5340.3,51,1575.14
2024-08-01,Centro,Hogar,6803.78,57,2096.55
2024-08-01,Centro,Deportes,3922.97,38,1079.52
2024-08-01,Occidente,Electronica,8320.46,86,1288.67
2024-08-01,Occidente,Ropa,4533.78,32,699.35
2024-08-01,Occidente,Hogar,5061.71,34,1567.9
2024-08-01,Occidente,Deportes,3479.47,23,765.98
2024-09-01,Norte,Electronica,8855.1,77,2439.59
2024-09-01,Norte,Ropa,5814.73,41,2016.65
2024-09-01,Norte,Hogar,5599.05,51,1665.81
2024-09-01,Norte,Deportes,4384.83,45,754.61
2024-09-01,Sur,Electronica,5747.99,57,1130.75
2024-09-01,Sur,Ropa,3103.93,37,476.69
2024-09-01,Sur,Hogar,4476.59,41,1279.99
2024-09-01,Sur,Deportes,2794.86,29,950.23
2024-09-01,Centro,Electronica,12853.66,87,3129.61
2024-09-01,Centro,Ropa,5420.25,44,994.11
2024-09-01,Centro,Hogar,7174.77,58,1811.9
2024-09-01,Centro,Deportes,4510.24,46,835.77
2024-09-01,Occidente,Electronica,7252.23,53,1595.67
2024-09-01,Occidente,Ropa,3666.71,43,1260.69
2024-09-01,Occidente,Hogar,6065.38,47,1096.49
2024-09-01,Occidente,Deportes,2743.16,20,534.61
2024-10-01,Norte,Electronica,9892.21,81,2631.5
2024-10-01,Norte,Ropa,3708.66,42,1207.14
2024-10-01,Norte,Hogar,5448.49,38,1858.65
2024-10-01,Norte,Deportes,3390.64,24,1057.55
2024-10-01,Sur,Electronica,7911.23,91,1832.96
2024-10-01,Sur,Ropa,4685.51,44,946.24
2024-10-01,Sur,Hogar,4477.64,52,868.83
2024-10-01,Sur,Deportes,3426.8,26,566.2
2024-10-01,Centro,Electronica,11172.41,98,2999.59
2024-10-01,Centro,Ropa,6598.25,47,1448.72
2024-10-01,Centro,Hogar,7715.99,78,2513.3
2024-10-01,Centro,Deportes,5363.43,39,1510.83
2024-10-01,Occidente,Electronica,8984.58,69,2569.84
2024-10-01,Occidente,Ropa,4304.36,34,1293.65
2024-10-01,Occidente,Hogar,4874.66,47,1456.07
2024-10-01,Occidente,Deportes,3066.02,33,961.48
2024-11-01,Norte,Electronica,9641.39,119,1999.7
2024-11-01,Norte,Ropa,5720.49,46,1980.65
2024-11-01,Norte,Hogar,4776.13,38,1232.23
2024-11-01,Norte,Deportes,4002.98,29,686.1
2024-11-01,Sur,Electronica,7469.33,50,1631.11
2024-11-01,Sur,Ropa,4451.82,35,1497.62
2024-11-01,Sur,Hogar,4198.66,41,1224.47
2024-11-01,Sur,Deportes,2778.61,32,740.32
2024-11-01,Centro,Electronica,13207.68,158,4283.35
2024-11-01,Centro,Ropa,4320.52,29,1485.29
2024-11-01,Centro,Hogar,6413.13,48,993.51
2024-11-01,Centro,Deportes,4437.64,54,952.86
2024-11-01,Occidente,Electronica,9878.63,77,2362.78
2024-11-01,Occidente,Ropa,3960.55,39,1383.91
2024-11-01,Occidente,Hogar,3913.99,42,1209.27
2024-11-01,Occidente,Deportes,2010.54,15,390.35
2024-12-01,Norte,Electronica,9951.07,79,2036.51
2024-12-01,Norte,Ropa,4393.86,29,791.82
2024-12-01,Norte,Hogar,6585.18,60,1828.74
2024-12-01,Norte,Deportes,3546.45,32,726.47
2024-12-01,Sur,Electronica,7150.77,50,1401.49
2024-12-01,Sur,Ropa,3731.4,39,582.94
2024-12-01,Sur,Hogar,3655.21,26,894.22
2024-12-01,Sur,Deportes,3284.72,22,614.59
2024-12-01,Centro,Electronica,11775.78,87,3755.96
2024-12-01,Centro,Ropa,5983.67,44,1646.97
2024-12-01,Centro,Hogar,7206.35,53,1774.96
2024-12-01,Centro,Deportes,4646.67,52,813.34
2024-12-01,Occidente,Electronica,7188.33,76,1785
2024-12-01,Occidente,Ropa,5080.56,60,1353.43
2024-12-01,Occidente,Hogar,5630.48,55,1357.19
2024-12-01,Occidente,Deportes,2706.32,33,445.16